source,target,value
9614,4202,0.529411764705882
9614,0101,0.578947368421053
0102,0201,0.5
0102,0104,0.423076923076923
0103,0505,0.647058823529412
1102,1005,0.5
1102,0105,0.416666666666667
4803,4707,0.615384615384615
4803,0105,0.416666666666667
0106,1302,0.514285714285714
0201,0208,0.619047619047619
0201,0210,0.523809523809524
0201,0409,0.571428571428571
0203,0505,0.588235294117647
0203,0810,0.6
0203,0205,0.533333333333333
0203,2303,0.533333333333333
0203,3502,0.6
0204,0209,0.666666666666667
0206,0207,0.5625
0206,3501,0.583333333333333
0207,0208,0.578947368421053
0207,0505,0.588235294117647
0208,0405,0.631578947368421
0209,1502,0.666666666666667
0210,0510,0.523809523809524
0210,1603,0.421052631578947
0301,0305,0.444444444444444
0301,1604,0.458333333333333
0301,3101,0.458333333333333
0305,2501,0.441176470588235
0306,1701,0.395348837209302
0401,1806,0.625
0401,3705,0.625
0402,1517,0.545454545454545
0405,0406,0.588235294117647
0405,4401,0.461538461538462
0406,7112,0.533333333333333
0407,0505,0.65
0407,1108,0.523809523809524
0407,4413,0.55
0501,0504,0.6
0501,0507,0.571428571428571
0501,1212,0.514285714285714
0502,5003,0.533333333333333
0502,2701,0.538461538461538
0504,0909,0.52
0505,1601,0.588235294117647
0506,0507,0.477272727272727
0506,2304,0.522727272727273
0506,2620,0.440677966101695
0506,0508,0.431818181818182
0507,2302,0.428571428571429
0510,0511,0.48
0602,0601,0.5
0601,2910,0.666666666666667
0603,0604,0.571428571428571
0603,4504,0.625
0604,4705,0.571428571428571
0701,0703,0.52
0701,2002,0.55
0702,4504,0.555555555555556
0702,0812,0.555555555555556
0703,3301,0.481481481481482
0710,7503,0.473684210526316
0711,2001,0.583333333333333
0711,2002,0.6875
0711,5302,0.5
0712,0909,0.5
0712,4601,0.576923076923077
0712,4602,0.583333333333333
0712,5802,0.53125
0713,0714,0.513513513513514
0714,1212,0.647058823529412
0714,0804,0.485714285714286
0801,0802,0.5
0802,2515,0.571428571428571
0803,0901,0.425
0803,1801,0.5
0805,2009,0.478260869565217
0806,0813,0.642857142857143
0806,0809,0.538461538461538
0807,3601,0.470588235294118
0807,2510,0.352941176470588
0808,2007,0.5
0810,2713,0.461538461538462
0810,2849,0.615384615384615
0811,2007,0.545454545454545
0811,2606,0.333333333333333
0813,5302,0.5
0814,2307,0.5
5201,1301,0.575
5201,1404,0.5
5201,2304,0.571428571428571
5201,0901,0.5
6305,5208,0.368421052631579
6305,0902,0.315789473684211
0903,2528,0.333333333333333
0904,0910,0.482758620689655
0905,1205,0.444444444444444
0905,0910,0.444444444444444
0906,5804,0.363636363636364
0906,1903,0.333333333333333
5804,9615,0.636363636363636
5804,8506,0.636363636363636
0907,2525,0.285714285714286
0908,4001,0.357142857142857
0909,5701,0.590909090909091
1001,1003,0.545454545454545
1001,1101,0.444444444444444
1001,1204,0.4
1002,1003,0.545454545454545
1002,1004,0.583333333333333
1003,1107,0.538461538461538
1004,4707,0.538461538461538
1005,1508,0.384615384615385
1006,7103,0.428571428571429
1007,1214,0.384615384615385
1103,2002,0.6
1103,2308,0.5
1104,1904,0.5
1105,9026,0.6
1106,1205,0.477272727272727
1106,1701,0.428571428571429
1107,1506,0.538461538461538
1109,7607,0.625
1201,9602,0.4
1202,2304,0.5
1202,1521,0.466666666666667
1203,1513,0.347826086956522
1205,2304,0.522727272727273
1205,1207,0.431818181818182
1205,1211,0.509090909090909
1208,1213,0.421052631578947
1209,1212,0.484848484848485
1209,1213,0.466666666666667
1209,1802,0.466666666666667
1210,2702,0.6
1210,8605,0.6
1212,1302,0.485714285714286
1213,1214,0.631578947368421
1301,4103,0.488888888888889
1401,4601,0.538461538461538
1401,5607,0.44
1404,2401,0.409090909090909
1501,8415,0.555555555555556
1502,1503,0.625
1503,9026,0.5
1504,2301,0.692307692307692
1504,8309,0.454545454545455
1505,2518,0.666666666666667
1505,2823,0.666666666666667
1505,5507,0.666666666666667
1505,6507,0.666666666666667
1507,8436,0.5
1508,2609,0.384615384615385
1509,2204,0.538461538461538
1509,2502,0.538461538461538
1511,4001,0.375
1511,1513,0.4375
1512,2830,0.4375
1514,3810,0.6
1515,6301,0.363636363636364
1516,8419,0.571428571428571
1517,7321,0.666666666666667
1517,8007,0.6
1518,9026,0.666666666666667
1520,4104,0.35
1522,6208,0.466666666666667
1601,3101,0.470588235294118
1603,5101,0.375
1605,8105,0.4375
1701,1703,0.523809523809524
1702,4115,0.533333333333333
1704,1905,0.5625
1704,2203,0.5625
1803,1804,0.615384615384615
1805,7019,0.4
1805,1804,0.625
1806,7005,0.625
1901,8442,0.571428571428571
1902,2204,0.538461538461538
1904,9026,0.5
1905,4819,0.615384615384615
2001,2007,0.666666666666667
2001,2008,0.625
2001,4602,0.583333333333333
2001,4907,0.419354838709677
2002,2204,0.6
2002,2515,0.6
2002,2209,0.466666666666667
2006,6701,0.5
2007,2801,0.454545454545455
2008,2009,0.666666666666667
2101,6201,0.416666666666667
2102,7217,0.6
2103,2922,0.538461538461538
2104,5107,0.666666666666667
2104,9618,0.714285714285714
2104,2205,0.428571428571429
2201,7118,0.315789473684211
2201,8001,0.416666666666667
2201,8548,0.416666666666667
2202,9610,0.6
2204,2307,0.461538461538462
2206,8901,0.538461538461538
2207,6910,0.307692307692308
2208,7326,0.315789473684211
2309,3302,0.454545454545455
2402,2403,0.4
2403,7503,0.411764705882353
2503,7601,0.5
2504,2526,0.545454545454545
2505,6803,0.5
2506,2529,0.555555555555556
2506,2605,0.44
2506,2525,0.388888888888889
2506,7103,0.444444444444444
2507,2847,0.529411764705882
2509,2530,0.5
2509,2602,0.4
2509,2610,0.472222222222222
2511,7206,0.461538461538462
2511,2805,0.454545454545455
2512,8474,0.5
2513,8442,0.714285714285714
2513,4002,0.571428571428571
2514,2515,0.611111111111111
2514,6801,0.555555555555556
2516,7616,0.583333333333333
2517,7616,0.571428571428571
2518,2808,0.714285714285714
2518,5507,0.8
2519,2526,0.545454545454545
2519,3806,0.545454545454545
2520,7615,0.411764705882353
2521,2716,0.625
2521,2522,0.625
2523,5802,0.46875
2524,4703,0.333333333333333
2526,6701,0.5
2528,2840,0.4
2529,8105,0.5
2529,7201,0.5
2601,2608,0.416666666666667
2603,2607,0.411764705882353
2603,7401,0.411764705882353
2604,8435,0.25
2604,7501,0.666666666666667
8435,8608,0.6
2605,2610,0.583333333333333
2607,2608,0.5
2607,2616,0.411764705882353
2608,7801,0.458333333333333
2609,4001,0.428571428571429
2611,7801,0.470588235294118
2611,2613,0.470588235294118
5105,5103,0.777777777777778
5105,2612,0.333333333333333
2618,7213,0.7
2619,7612,0.545454545454545
2620,7404,0.576271186440678
2620,9999,0.426829268292683
2702,2812,0.666666666666667
2703,3211,0.5
2703,9107,0.5
2704,8402,0.666666666666667
3707,2848,1
3707,3503,0.8
3707,7011,0.8
3707,8434,0.666666666666667
3707,8471,0.666666666666667
3707,2705,0.6
3707,4003,0.6
2706,7804,0.6
2706,8212,0.636363636363636
2707,2712,0.5
2707,2714,0.363636363636364
2708,2715,0.55
2708,2709,0.375
2711,3501,0.363636363636364
2712,2902,0.5
2713,3403,0.545454545454545
2715,4909,0.411764705882353
2716,7325,0.625
2716,4705,0.625
2716,7601,0.5
7613,3813,0.75
7613,4906,0.75
7613,5108,0.75
7613,5406,0.8
7613,7504,0.75
7613,8449,0.8
7613,2802,0.75
2803,7410,0.5
2804,8514,0.666666666666667
2806,8511,0.5
2807,5107,0.666666666666667
2808,5507,0.714285714285714
2808,5801,0.714285714285714
2808,7219,0.857142857142857
2808,7409,0.7
2808,8512,0.714285714285714
2808,8518,0.714285714285714
2808,9004,0.714285714285714
2808,8514,0.666666666666667
2808,7223,0.714285714285714
2808,8404,0.714285714285714
2808,8448,0.714285714285714
2809,3907,0.75
2809,5505,0.75
2809,7015,0.75
2809,9612,0.875
2926,2810,0.75
2926,2931,0.75
2810,8112,0.666666666666667
2810,8602,0.666666666666667
2810,2931,1
8112,8602,0.666666666666667
8112,2931,0.666666666666667
2811,2929,0.75
2812,2813,0.857142857142857
2812,2835,0.666666666666667
2813,8507,0.714285714285714
2814,2818,0.5625
2814,6401,0.454545454545455
2815,2901,0.583333333333333
2816,5501,0.8
2816,6806,0.8
2816,8427,0.75
2816,2929,0.75
2816,3503,0.75
2816,3504,0.8
2816,9107,0.75
2816,7002,0.75
2816,5110,0.75
2816,7011,0.8
2816,2909,1
2816,5502,0.75
2816,9010,0.666666666666667
2816,9025,0.666666666666667
5501,6806,0.8
5501,3504,0.8
5501,7011,0.8
5501,2909,0.8
5501,9010,0.666666666666667
5501,9025,0.666666666666667
2817,6904,0.666666666666667
2819,2839,0.8
2819,2903,0.666666666666667
2819,2908,0.666666666666667
2819,3204,0.666666666666667
2820,6603,0.625
2821,4304,0.6
2822,2844,0.5
2823,3901,0.666666666666667
2823,4007,0.666666666666667
2823,5801,0.666666666666667
2823,6507,0.833333333333333
2823,8448,0.666666666666667
2823,7411,0.666666666666667
2824,7305,0.625
2825,4702,0.666666666666667
2826,2904,0.692307692307692
2827,2831,0.666666666666667
2827,2832,0.7
2827,2917,0.666666666666667
2827,3702,0.666666666666667
2827,7305,0.666666666666667
2827,8445,0.666666666666667
2827,2907,0.666666666666667
2827,7313,0.666666666666667
2827,8545,0.666666666666667
2827,9302,0.666666666666667
2828,6704,0.571428571428571
2829,6815,0.625
2830,2837,0.625
2830,7004,0.647058823529412
2831,2917,0.666666666666667
2831,3702,0.714285714285714
2831,4822,0.714285714285714
2831,9205,0.714285714285714
2831,8448,0.714285714285714
2832,2924,0.727272727272727
2832,5516,0.692307692307692
2832,5606,0.666666666666667
2832,2907,0.7
2833,2907,0.666666666666667
2834,6815,0.666666666666667
2835,3816,0.666666666666667
2835,7218,0.666666666666667
2835,7223,0.666666666666667
2835,3104,0.555555555555556
2836,9103,0.615384615384615
2836,7208,0.615384615384615
2837,2841,0.666666666666667
2837,2847,0.6
2837,4302,0.666666666666667
2837,4106,0.466666666666667
2839,2903,0.833333333333333
2839,2908,0.666666666666667
2839,9025,0.666666666666667
2840,7210,0.6
2841,8714,0.642857142857143
4706,4807,0.5
4706,2842,0.5
2843,2932,0.571428571428571
2844,8805,0.75
2845,8104,0.5
2846,7601,0.5
2847,2849,0.666666666666667
2848,3503,0.8
2848,7011,0.8
2848,8434,0.666666666666667
2848,8471,0.666666666666667
2850,3505,0.5
2853,9208,0.5
2901,2902,0.857142857142857
2902,2918,0.625
2902,5516,0.642857142857143
2902,8429,0.4375
2903,2908,0.666666666666667
2903,3702,0.714285714285714
2903,5113,0.714285714285714
2903,5405,0.666666666666667
2903,5506,0.666666666666667
2903,5801,0.666666666666667
2903,8441,0.666666666666667
2903,8512,0.666666666666667
2903,9025,0.666666666666667
2903,8545,0.714285714285714
2904,2924,0.769230769230769
2904,3917,0.692307692307692
2904,5516,0.692307692307692
2904,8464,0.692307692307692
2904,8501,0.692307692307692
2904,8607,0.692307692307692
2905,8203,0.5
2906,2922,0.666666666666667
2906,8301,0.6
2908,3606,0.833333333333333
2908,3801,0.666666666666667
2908,9107,0.666666666666667
2908,3907,0.75
2908,5113,0.714285714285714
2908,5405,0.666666666666667
2908,5406,0.666666666666667
2908,7011,0.666666666666667
2908,7508,0.666666666666667
2908,8441,0.666666666666667
2908,9205,0.714285714285714
2908,8442,0.714285714285714
2908,9025,0.833333333333333
2908,3204,0.666666666666667
2908,7104,0.666666666666667
2908,8510,0.833333333333333
6806,8417,0.8
6806,3504,1
6806,9019,0.666666666666667
6806,8419,0.714285714285714
6806,7011,0.8
6806,2909,0.8
6806,9010,0.833333333333333
6806,9025,0.666666666666667
8427,2909,0.75
2910,2927,0.666666666666667
2910,5110,0.75
2911,9013,0.571428571428571
2912,2922,0.666666666666667
2912,2921,0.6
8417,2913,0.8
8417,2920,0.8
8417,3504,0.8
8417,9019,0.666666666666667
8417,8419,0.714285714285714
8417,8302,0.666666666666667
8417,9010,0.666666666666667
8417,8603,0.8
8417,9207,0.8
2913,8603,0.8
2913,9602,0.4
7019,2914,0.6
8414,3705,0.727272727272727
8414,3214,0.727272727272727
8414,3919,0.75
8414,4818,0.666666666666667
8414,4910,0.666666666666667
8414,9615,0.727272727272727
8414,5606,0.666666666666667
8414,6001,0.666666666666667
8414,7318,0.727272727272727
8414,7322,0.727272727272727
8414,7612,0.727272727272727
8414,7616,0.727272727272727
8414,8412,0.727272727272727
8414,8416,0.727272727272727
8414,8481,0.818181818181818
8414,8483,0.818181818181818
8414,8514,0.727272727272727
8414,8501,0.727272727272727
8414,8438,0.727272727272727
8414,8533,0.818181818181818
8414,8310,0.727272727272727
8414,9018,0.727272727272727
8414,2914,0.636363636363636
2915,2918,0.647058823529412
2917,3705,0.666666666666667
2917,3214,0.666666666666667
2917,7305,0.666666666666667
2917,5911,0.666666666666667
2917,6810,0.666666666666667
2917,7215,0.666666666666667
2917,7217,0.666666666666667
2917,7219,0.666666666666667
2917,8532,0.666666666666667
2917,8483,0.7
2917,8514,0.666666666666667
2917,8507,0.666666666666667
2917,6906,0.666666666666667
2917,6811,0.583333333333333
2918,2930,0.611111111111111
2918,4303,0.625
2919,9026,0.625
2920,8302,0.666666666666667
2920,8433,0.666666666666667
2920,9207,0.8
2922,9613,0.666666666666667
2922,5606,0.666666666666667
2922,8714,0.692307692307692
2922,9104,0.666666666666667
2922,9607,0.666666666666667
2922,9608,0.692307692307692
2923,3705,0.666666666666667
2923,3214,0.666666666666667
2923,7322,0.666666666666667
2923,9026,0.666666666666667
2924,5516,0.692307692307692
2924,7216,0.636363636363636
2925,8547,0.636363636363636
2927,4812,0.666666666666667
2927,9107,0.75
2927,3809,0.75
2927,9112,0.666666666666667
4812,8476,0.666666666666667
4812,9112,0.666666666666667
2928,9107,0.6
2929,3503,0.75
2929,2909,0.75
2929,5502,0.75
2930,2935,0.666666666666667
2930,3003,0.555555555555556
2930,3407,0.434782608695652
8602,3205,0.666666666666667
8602,2931,0.666666666666667
3705,3214,0.777777777777778
3705,8419,0.75
3705,3919,0.666666666666667
3705,4814,0.75
3705,9610,0.75
3705,5511,0.666666666666667
3705,7305,0.75
3705,5911,0.75
3705,6810,0.875
3705,7322,0.75
3705,8450,0.777777777777778
3705,8532,0.777777777777778
3705,8416,0.8
3705,8422,0.75
3705,9026,0.75
3705,8483,0.7
3705,9618,0.75
3705,8514,0.666666666666667
3705,7415,0.777777777777778
3705,8401,0.875
3705,8438,0.7
3705,8473,0.75
3705,9023,0.666666666666667
3705,8310,0.7
3705,2932,0.625
3705,8710,0.625
9106,2932,0.714285714285714
2935,2936,0.666666666666667
2935,2941,0.666666666666667
2935,2939,0.583333333333333
2936,3001,0.454545454545455
2937,3302,0.6
2938,3002,0.8
9613,7607,0.666666666666667
9613,8527,0.666666666666667
9613,9003,0.666666666666667
9613,7415,0.666666666666667
9613,9013,0.666666666666667
9613,2942,0.666666666666667
9613,5906,0.666666666666667
3002,7006,0.6
3005,8506,0.636363636363636
3006,3215,0.571428571428571
3006,3507,0.5
3102,5512,0.526315789473684
3103,8604,0.454545454545455
3105,7321,0.6
3201,3203,0.375
3202,3812,0.75
3202,7507,0.75
3203,3208,0.375
3205,7507,0.666666666666667
3205,8468,0.666666666666667
3205,8455,0.666666666666667
3205,8476,0.666666666666667
3205,9307,0.666666666666667
3205,9611,0.666666666666667
3206,7007,0.625
3207,4819,0.583333333333333
3208,4819,0.615384615384615
3208,9603,0.615384615384615
3211,7410,0.5
3213,4014,0.666666666666667
3213,4904,0.666666666666667
3213,7001,0.75
3213,5907,0.666666666666667
3213,9209,0.75
3214,8419,0.777777777777778
3214,3907,0.666666666666667
3214,4814,0.777777777777778
3214,4902,0.666666666666667
3214,9610,0.666666666666667
3214,5511,0.666666666666667
3214,7305,0.666666666666667
3214,5903,0.666666666666667
3214,5911,0.666666666666667
3214,6810,0.777777777777778
3214,7301,0.666666666666667
3214,7321,0.777777777777778
3214,7322,0.666666666666667
3214,8450,0.777777777777778
3214,8532,0.666666666666667
3214,7609,0.777777777777778
3214,8405,0.666666666666667
3214,8411,0.666666666666667
3214,8416,0.7
3214,8418,0.666666666666667
3214,8422,0.666666666666667
3214,8425,0.666666666666667
3214,8434,0.666666666666667
3214,9026,0.777777777777778
3214,8481,0.727272727272727
3214,8483,0.8
3214,8514,0.666666666666667
3214,4114,0.666666666666667
3214,7415,0.666666666666667
3214,8401,0.666666666666667
3214,8438,0.7
3214,8473,0.666666666666667
3214,8533,0.727272727272727
3214,8703,0.666666666666667
3214,8708,0.666666666666667
3214,8715,0.666666666666667
3214,8803,0.666666666666667
3214,9023,0.777777777777778
3215,4005,0.666666666666667
3215,4014,0.75
3215,4904,0.666666666666667
3215,4908,0.666666666666667
3215,5606,0.75
3215,8481,0.666666666666667
3215,8501,0.666666666666667
3215,8547,0.666666666666667
3215,9201,0.666666666666667
3215,9616,0.642857142857143
3302,8548,0.636363636363636
3303,8506,0.454545454545455
3401,3405,0.875
3401,7301,0.666666666666667
3401,7321,0.666666666666667
3401,9028,0.75
3404,3917,0.615384615384615
3405,7301,0.666666666666667
3405,7321,0.666666666666667
3405,9028,0.75
3406,6401,0.548387096774194
3503,5110,0.75
3503,2909,0.75
3503,5502,0.75
3504,9019,0.666666666666667
3504,8419,0.714285714285714
3504,7011,0.8
3504,2909,0.8
3504,9010,0.833333333333333
3504,9025,0.666666666666667
5904,3813,0.666666666666667
5904,3505,0.666666666666667
3506,8516,0.6
3601,3602,0.75
3601,6811,0.5625
3603,8607,0.615384615384615
3604,5504,0.636363636363636
3604,9206,0.545454545454545
3605,7004,0.5
3606,3801,0.8
3606,9107,0.8
3606,5405,0.8
3606,5406,0.8
3606,7011,0.8
3606,7508,0.666666666666667
3606,9025,0.666666666666667
3606,8510,1
3701,9014,0.5
3702,8545,0.714285714285714
3703,5901,0.714285714285714
3703,7321,0.666666666666667
3703,7007,0.714285714285714
3703,8523,0.714285714285714
3704,3706,0.32
3706,4901,0.4
3801,7011,0.8
3801,8510,0.8
3802,7007,0.555555555555556
3803,3805,0.6875
3803,3806,0.625
3804,3810,0.666666666666667
3804,9019,0.666666666666667
3804,3816,0.666666666666667
3804,7508,0.666666666666667
3804,7218,0.666666666666667
3804,7221,0.666666666666667
3804,7222,0.666666666666667
3804,8209,0.666666666666667
3804,8514,0.666666666666667
3804,7223,0.666666666666667
3804,8208,0.666666666666667
3804,9029,0.833333333333333
3804,9703,0.666666666666667
3807,7301,0.555555555555556
3808,9025,0.666666666666667
3808,8423,0.666666666666667
9107,4906,0.75
9107,7002,0.75
9107,5110,0.75
9107,5405,0.8
9107,7508,0.666666666666667
9107,9108,0.75
9107,9109,0.75
9107,2909,0.75
9107,5502,0.75
9107,9025,0.666666666666667
9107,8510,0.8
9107,3809,0.75
9107,9016,0.5
3810,9019,0.833333333333333
3810,7508,0.666666666666667
3810,8406,0.666666666666667
3810,8443,0.666666666666667
3810,8471,0.666666666666667
3810,5502,0.8
3810,9025,0.666666666666667
3810,9029,0.666666666666667
3810,8530,0.666666666666667
9019,8419,0.714285714285714
9019,7508,0.666666666666667
9019,8302,0.666666666666667
9019,8406,0.666666666666667
9019,8425,0.666666666666667
9019,8434,0.666666666666667
9019,8443,0.666666666666667
9019,8471,0.666666666666667
9019,9026,0.75
9019,5502,0.666666666666667
9019,9010,0.666666666666667
9019,9025,0.666666666666667
9019,9029,0.666666666666667
9019,8530,0.666666666666667
9019,9024,0.666666666666667
3811,8805,0.75
3812,7507,0.75
3813,8804,0.666666666666667
3813,7507,0.666666666666667
8419,5903,0.714285714285714
8419,6810,0.857142857142857
8419,8450,0.666666666666667
8419,7609,0.75
8419,8302,0.714285714285714
8419,9026,0.75
8419,9618,0.714285714285714
8419,9010,0.714285714285714
8419,8401,0.75
8419,8438,0.7
8419,8473,0.75
8419,8708,0.714285714285714
8419,9023,0.777777777777778
8419,3814,0.571428571428571
3816,7218,1
3816,7219,0.714285714285714
3816,7221,0.8
3816,7223,0.833333333333333
3816,8507,0.714285714285714
3816,9029,0.666666666666667
3816,4304,0.8
3816,7211,0.8
3821,9004,0.6
3823,9603,0.615384615384615
3825,9209,0.666666666666667
3901,4007,0.666666666666667
3901,8302,0.666666666666667
3901,6507,0.666666666666667
3901,8404,0.714285714285714
3901,8603,0.8
3901,9207,0.8
3907,5505,0.75
3907,5903,0.75
3907,8450,0.666666666666667
3907,8425,0.666666666666667
3907,9026,0.875
3907,8481,0.727272727272727
3907,8442,0.75
3907,9612,0.75
3907,9025,0.75
3907,8473,0.75
3907,9023,0.666666666666667
3907,8516,0.7
3912,9028,0.7
3917,4817,0.692307692307692
3919,4818,0.666666666666667
3919,4910,0.666666666666667
3919,7612,0.666666666666667
3919,7616,0.666666666666667
3919,8416,0.75
3919,8481,0.666666666666667
3919,8483,0.666666666666667
3919,8533,0.666666666666667
3919,8310,0.666666666666667
4004,7904,0.285714285714286
4005,4908,0.666666666666667
4005,7412,0.666666666666667
4007,5801,0.666666666666667
4007,6507,0.666666666666667
4007,8523,0.714285714285714
4008,8215,0.666666666666667
4008,8518,0.714285714285714
4008,8522,0.714285714285714
4008,9010,0.714285714285714
4008,4816,0.75
4008,7020,0.625
4009,4017,0.583333333333333
4009,7609,0.666666666666667
4009,8207,0.666666666666667
4009,8481,0.75
4009,8483,0.666666666666667
4009,8501,0.75
4009,8607,0.692307692307692
4009,8533,0.666666666666667
4010,8474,0.625
4010,7325,0.625
4011,5106,0.714285714285714
4014,4904,0.777777777777778
4014,6903,0.666666666666667
4014,7001,0.666666666666667
4014,7015,0.666666666666667
4014,7319,0.666666666666667
4014,8482,0.666666666666667
4014,9612,0.666666666666667
4014,9209,0.666666666666667
4014,4016,0.555555555555556
4014,5908,0.555555555555556
4015,6216,0.625
4015,7101,0.375
4015,8906,0.444444444444444
4017,7114,0.636363636363636
4101,4103,0.488888888888889
4101,4102,0.538461538461538
4104,4115,0.5
4105,5207,0.45
4115,5516,0.615384615384615
4115,5702,0.615384615384615
4115,7003,0.615384615384615
4201,5504,0.545454545454545
4202,6116,0.666666666666667
4202,4203,0.666666666666667
4205,5207,0.5
4206,6306,0.6
4206,8505,0.588235294117647
4206,7602,0.5
4206,7604,0.5
4206,9008,0.571428571428571
4301,5102,0.375
4303,7503,0.647058823529412
4402,7013,0.411764705882353
4403,4412,0.464285714285714
4403,4407,0.633333333333333
4405,6815,0.75
4405,7325,0.75
4405,9702,0.7
4406,4407,0.5
4408,6115,0.421052631578947
4409,4410,0.5
4410,4411,0.666666666666667
4411,4702,0.555555555555556
4412,8105,0.476190476190476
4414,4602,0.619047619047619
4414,6105,0.6
4414,4420,0.7
4415,7323,0.5
4416,4804,0.5
4416,8104,0.5
4417,4602,0.433333333333333
4418,7213,0.6
4419,4420,0.642857142857143
4501,4504,0.555555555555556
4502,4503,0.4
4503,4504,0.625
4601,9705,0.5
4602,6401,0.636363636363636
4602,6504,0.478260869565217
4801,4804,0.833333333333333
4801,4701,0.666666666666667
7502,4701,0.6
4702,4704,0.6
4702,4804,0.666666666666667
4703,4705,0.571428571428571
4704,4707,0.615384615384615
4802,8304,0.727272727272727
4804,8608,0.666666666666667
4804,4701,0.666666666666667
4806,6809,0.571428571428571
4806,6901,0.583333333333333
4807,7410,0.5
4809,4810,0.727272727272727
4809,7409,0.818181818181818
4809,8412,0.727272727272727
4809,5104,0.727272727272727
4810,7409,0.8
4810,8439,0.7
4813,6001,0.6875
4813,6306,0.625
4813,6501,0.625
4813,7014,0.6875
4813,7615,0.647058823529412
4813,9306,0.5625
4814,7305,0.75
4814,5903,0.75
4814,6810,0.75
4814,7217,0.666666666666667
4814,8450,0.777777777777778
4814,8532,0.666666666666667
4814,9026,0.75
4814,4114,0.666666666666667
4814,7415,0.666666666666667
4817,7205,0.571428571428571
4818,8481,0.666666666666667
4820,7020,0.625
4821,9701,0.523809523809524
4822,5506,0.714285714285714
4822,5801,0.714285714285714
4822,5901,0.714285714285714
4822,6810,0.714285714285714
4822,7007,0.714285714285714
4822,5404,0.714285714285714
4901,5207,0.55
4901,9701,0.5
4902,7301,0.666666666666667
4902,7321,0.666666666666667
4902,9302,0.666666666666667
4902,8803,0.666666666666667
4902,7413,0.555555555555556
4903,7409,0.7
4903,8304,0.7
4904,5505,0.666666666666667
4904,6815,0.666666666666667
4904,6903,0.666666666666667
4904,7001,0.777777777777778
4904,7006,0.7
4904,9612,0.666666666666667
4904,5907,0.666666666666667
4904,9201,0.666666666666667
4904,4816,0.666666666666667
4905,5504,0.636363636363636
4906,5405,0.8
4906,5406,0.8
4906,9108,0.75
4906,9109,0.75
4906,9110,0.8
4906,8448,0.666666666666667
4906,5502,0.75
4906,2802,0.75
4908,4909,0.692307692307692
4908,5203,0.5
4909,6001,0.666666666666667
4909,9706,0.571428571428571
4910,9615,0.666666666666667
4910,5606,0.666666666666667
4910,6602,0.583333333333333
5001,5003,0.4
5002,6703,0.5
5003,5302,0.466666666666667
5004,6215,0.666666666666667
5004,5005,0.666666666666667
5004,6217,0.666666666666667
6215,8512,0.666666666666667
6215,9004,0.666666666666667
6215,9003,0.666666666666667
6215,9110,0.666666666666667
6215,8448,0.666666666666667
6215,9703,0.666666666666667
6215,9111,0.666666666666667
9208,5005,0.5
6909,7107,0.666666666666667
6909,5006,0.5
5007,9615,0.636363636363636
5007,7113,0.6
9615,6505,0.6
9615,6506,0.727272727272727
9615,6701,0.727272727272727
9615,7616,0.727272727272727
5102,5701,0.5
5103,5111,0.6
5106,5111,0.714285714285714
5106,5514,0.666666666666667
5106,6001,0.666666666666667
5106,7606,0.714285714285714
5106,5204,0.625
5107,5401,0.666666666666667
5109,6803,0.714285714285714
7002,5110,0.75
7002,2909,0.75
5110,5506,0.666666666666667
5110,5801,0.666666666666667
5110,2909,0.75
5110,8475,0.75
5111,5401,0.7
5113,7015,0.714285714285714
5113,8449,0.714285714285714
5113,8512,0.714285714285714
5113,9205,0.714285714285714
5113,8442,0.714285714285714
5113,8404,0.714285714285714
5113,8715,0.714285714285714
5202,5204,0.555555555555556
5207,6401,0.636363636363636
5208,6105,0.631578947368421
5208,7010,0.5
5301,7208,0.583333333333333
5310,5307,0.6
5310,5303,0.4
5306,5901,0.571428571428571
5308,5307,0.4
5307,6803,0.333333333333333
5309,5702,0.583333333333333
5311,5605,0.555555555555556
9610,6810,0.75
9610,7321,0.666666666666667
9610,7415,0.666666666666667
9610,5404,0.75
5405,5406,0.8
5405,5506,0.666666666666667
5405,5801,0.666666666666667
5405,7508,0.666666666666667
5405,8441,0.666666666666667
5405,9110,0.8
5405,9618,0.714285714285714
5405,8448,0.666666666666667
5405,9025,0.666666666666667
5405,8510,0.8
5406,8449,0.8
5406,9110,0.8
5406,9205,0.714285714285714
5406,8448,0.666666666666667
5406,8510,0.8
5407,5508,0.727272727272727
5408,6105,0.578947368421053
7011,5903,0.714285714285714
7011,8471,0.666666666666667
7011,2909,0.8
7011,9010,0.666666666666667
7011,9025,0.666666666666667
7011,8510,0.8
7011,8523,0.714285714285714
8103,7107,0.75
8103,5502,0.75
8103,9611,0.75
8103,8208,0.75
5503,8452,0.625
5503,7804,0.625
5504,5508,0.727272727272727
5504,9702,0.727272727272727
5505,7001,0.75
5505,8442,0.75
5505,9612,0.75
5506,5507,0.666666666666667
5506,7115,0.666666666666667
5506,5801,0.833333333333333
5506,6810,0.714285714285714
5506,8448,0.666666666666667
5506,5404,0.714285714285714
5506,6803,0.666666666666667
6802,5507,0.6
5507,7115,0.8
5507,5801,0.666666666666667
5507,8448,0.666666666666667
5507,6803,0.666666666666667
7115,5801,0.666666666666667
7115,8448,0.666666666666667
5508,7610,0.666666666666667
5508,7612,0.727272727272727
5508,7616,0.818181818181818
5511,5911,0.666666666666667
5511,8450,0.666666666666667
5511,8483,0.7
5512,6105,0.842105263157895
5512,6115,0.68421052631579
5514,6001,0.666666666666667
5514,6208,0.666666666666667
5514,6403,0.666666666666667
5514,5806,0.666666666666667
5516,5606,0.769230769230769
5516,8714,0.692307692307692
5516,8547,0.692307692307692
5601,7014,0.714285714285714
5601,5806,0.666666666666667
5602,7217,0.6
5603,6911,0.666666666666667
5603,5907,0.727272727272727
5603,9201,0.75
5603,9503,0.666666666666667
5603,8203,0.636363636363636
5605,8452,0.625
5606,6001,0.666666666666667
5606,6506,0.666666666666667
5606,6914,0.642857142857143
5606,9003,0.666666666666667
5606,9104,0.666666666666667
5606,9607,0.666666666666667
5606,8547,0.833333333333333
5606,5806,0.666666666666667
5606,6307,0.692307692307692
9604,7116,0.666666666666667
9604,6703,0.714285714285714
9604,7319,0.666666666666667
9604,8513,0.75
9604,5608,0.428571428571429
5609,6406,0.416666666666667
5702,6302,0.5625
7210,5801,0.666666666666667
7305,5801,0.75
7305,6810,0.75
7305,7219,0.75
7305,7409,0.7
7305,8450,0.666666666666667
7305,8532,0.666666666666667
7305,8606,0.666666666666667
7305,7313,0.666666666666667
7305,7415,0.777777777777778
5801,6810,0.714285714285714
5801,7219,0.714285714285714
5801,8606,0.666666666666667
5801,8528,0.666666666666667
5801,8512,0.666666666666667
5801,8522,0.666666666666667
5801,9004,0.666666666666667
5801,6507,0.666666666666667
5801,7223,0.666666666666667
5801,8448,0.833333333333333
5801,9010,0.666666666666667
5801,8603,0.666666666666667
5801,7415,0.666666666666667
5801,5404,0.714285714285714
5801,6803,0.666666666666667
5802,9704,0.5
5805,6701,0.6
7508,8441,0.666666666666667
7508,9025,0.666666666666667
7508,8510,0.666666666666667
7508,9029,0.666666666666667
7508,5807,0.666666666666667
9012,9006,0.666666666666667
9012,9011,0.666666666666667
9012,9013,0.714285714285714
9012,9111,0.666666666666667
9012,9105,0.666666666666667
9012,5807,0.833333333333333
5809,6306,0.6
5810,9003,0.666666666666667
5901,7007,0.714285714285714
5901,8523,0.714285714285714
5903,7015,0.714285714285714
5903,8450,0.666666666666667
5903,8471,0.714285714285714
5903,9026,0.75
5903,8404,0.714285714285714
5903,9010,0.714285714285714
5903,8708,0.714285714285714
5903,8523,0.857142857142857
5903,8530,0.714285714285714
7009,5906,0.666666666666667
7116,7215,0.666666666666667
7116,7217,0.666666666666667
7116,5906,0.666666666666667
5909,7606,0.642857142857143
5909,7316,0.6
5909,8907,0.6
5910,5911,0.75
5911,7217,0.666666666666667
5911,7219,0.75
5911,7318,0.7
5911,8450,0.666666666666667
5911,8207,0.7
5911,8410,0.75
5911,8482,0.666666666666667
5911,8483,0.8
5911,8514,0.777777777777778
5911,7411,0.666666666666667
5911,7415,0.666666666666667
5911,8703,0.666666666666667
6001,6105,0.631578947368421
6001,7616,0.666666666666667
6001,8481,0.666666666666667
6001,7606,0.733333333333333
6001,6307,0.666666666666667
6001,8306,0.6
6101,6701,0.7
6105,6115,0.789473684210526
6105,7323,0.65
6105,6202,0.65
6105,6301,0.5
6105,6913,0.631578947368421
6115,6202,0.65
6115,6213,0.65
6115,7326,0.526315789473684
6116,6911,0.666666666666667
6116,9503,0.666666666666667
6116,6601,0.666666666666667
6116,7117,0.666666666666667
6201,6202,0.666666666666667
6205,6403,0.6875
6205,8904,0.4375
6208,6403,0.714285714285714
6208,7317,0.538461538461538
6212,9616,0.533333333333333
6214,9004,0.5
6216,9617,0.666666666666667
6302,9601,0.625
6306,9507,0.666666666666667
6309,8505,0.529411764705882
6310,6914,0.6
6403,7324,0.642857142857143
6405,6601,0.583333333333333
6406,8544,0.615384615384615
6406,6904,0.666666666666667
6501,6502,0.5
6603,7319,0.666666666666667
6603,7117,0.75
6702,6703,0.571428571428571
6703,7319,0.666666666666667
6704,7215,0.625
6804,7318,0.7
6804,8439,0.7
6804,8482,0.7
6804,8483,0.7
6804,8514,0.7
6804,8464,0.666666666666667
6804,7207,0.583333333333333
6804,8303,0.6
6805,8425,0.666666666666667
6805,9027,0.714285714285714
6805,7110,0.571428571428571
6805,7505,0.571428571428571
6807,6811,0.75
6807,8702,0.583333333333333
6808,8518,0.625
6809,9401,0.578947368421053
6810,7219,0.714285714285714
6810,8450,0.666666666666667
6810,8532,0.666666666666667
6810,8416,0.7
6810,9618,0.714285714285714
6810,7415,0.666666666666667
6810,8401,0.75
6810,8715,0.714285714285714
6810,9023,0.666666666666667
6810,5404,0.714285714285714
6812,6813,0.571428571428571
6813,7015,0.714285714285714
6813,7609,0.75
6813,8404,0.714285714285714
6813,9021,0.75
6814,9206,0.545454545454545
6815,6902,0.75
6903,7001,0.75
6903,7015,0.714285714285714
6903,8305,0.666666666666667
6903,8453,0.666666666666667
6903,9011,0.666666666666667
6903,8402,0.666666666666667
6903,9612,0.75
6903,8701,0.666666666666667
6905,7322,0.666666666666667
6905,8310,0.7
6907,7219,0.714285714285714
6907,8532,0.666666666666667
6907,9402,0.714285714285714
6908,8453,0.571428571428571
6910,9103,0.615384615384615
6911,9201,0.666666666666667
6911,9503,0.75
6912,8712,0.583333333333333
6914,7419,0.642857142857143
7001,9612,0.75
7001,2907,0.666666666666667
7001,5907,0.666666666666667
7001,8511,0.625
7003,7302,0.692307692307692
7004,9103,0.647058823529412
7004,7013,0.647058823529412
7006,8304,0.7
7014,8201,0.625
7015,8512,0.714285714285714
7015,8404,0.857142857142857
7015,9612,0.75
7015,8523,0.714285714285714
7016,9202,0.666666666666667
7016,7117,0.666666666666667
7102,7105,0.5
7105,7312,0.428571428571429
7106,7801,0.5625
7107,8208,0.75
8804,7111,0.5
7202,9507,0.533333333333333
8608,7603,0.6
8608,8471,0.666666666666667
8608,7203,0.4
7204,7326,0.473684210526316
7206,7901,0.5625
7206,7207,0.615384615384615
7213,7214,0.7
7213,7409,0.7
7213,7314,0.7
7214,7215,0.8
7214,7217,0.8
7215,7217,0.888888888888889
7215,7219,0.75
7215,8410,0.75
7215,7223,0.75
7215,8507,0.75
7216,7903,0.625
7217,7219,0.666666666666667
7217,7318,0.7
7217,8410,0.777777777777778
7217,8482,0.666666666666667
7217,7223,0.666666666666667
7217,8507,0.666666666666667
7217,7411,0.666666666666667
7218,7219,0.714285714285714
7218,7221,0.8
7218,7223,0.833333333333333
7218,8507,0.714285714285714
7218,9029,0.666666666666667
7218,4304,0.8
7218,7211,0.8
7219,7221,0.714285714285714
7219,7409,0.7
7219,8512,0.714285714285714
7219,9004,0.714285714285714
7219,8514,0.666666666666667
7219,7223,0.857142857142857
7219,8404,0.714285714285714
7219,8448,0.714285714285714
7219,8507,0.714285714285714
7219,7411,0.666666666666667
7219,7415,0.666666666666667
7221,8512,0.666666666666667
7221,9004,0.8
7221,7223,0.833333333333333
7221,9029,0.666666666666667
7221,8530,0.666666666666667
7221,7806,0.6
7222,8471,0.666666666666667
7301,7321,0.777777777777778
7303,7324,0.5
7304,8205,0.666666666666667
7307,7315,0.727272727272727
7307,7318,0.727272727272727
7307,8533,0.727272727272727
7307,8546,0.727272727272727
7307,7407,0.545454545454545
7309,8474,0.625
7310,7320,0.454545454545455
7311,7324,0.4
7312,8714,0.642857142857143
7312,8908,0.375
7315,8901,0.538461538461538
7318,8207,0.7
7318,8410,0.7
7318,8439,0.7
7318,8482,0.7
7318,8483,0.8
7318,8514,0.7
7318,8516,0.7
7319,8308,0.777777777777778
7319,8445,0.666666666666667
7319,8452,0.666666666666667
7319,9104,0.727272727272727
7319,9209,0.666666666666667
7320,7503,0.476190476190476
7321,8411,0.666666666666667
7321,8484,0.727272727272727
7321,8473,0.666666666666667
7321,8803,0.666666666666667
7322,9026,0.75
7322,8483,0.7
7322,8514,0.666666666666667
7323,9401,0.6
7402,7901,0.5
7402,7403,0.625
7404,7802,0.45
7405,7407,0.5
7406,7504,0.75
7409,7616,0.727272727272727
7409,8416,0.7
7409,8514,0.7
7409,7411,0.7
7409,7415,0.7
7409,7614,0.6
7412,9021,0.7
8450,8532,0.777777777777778
8450,7418,0.666666666666667
8450,7609,0.666666666666667
8450,8405,0.666666666666667
8450,8410,0.666666666666667
8450,8416,0.7
8450,8424,0.666666666666667
8450,8425,0.666666666666667
8450,9026,0.777777777777778
8450,8481,0.727272727272727
8450,8482,0.666666666666667
8450,8483,0.7
8450,9618,0.666666666666667
8450,7415,0.777777777777778
8450,8401,0.777777777777778
8450,8438,0.7
8450,8473,0.666666666666667
8450,8533,0.727272727272727
8450,9023,0.666666666666667
8450,9017,0.666666666666667
8532,7418,0.666666666666667
8532,8416,0.7
8532,8422,0.666666666666667
8532,8445,0.666666666666667
8532,8482,0.666666666666667
8532,9202,0.666666666666667
8532,9607,0.8
8532,7415,0.777777777777778
8532,8401,0.666666666666667
8532,9017,0.666666666666667
8606,8604,0.636363636363636
8606,7415,0.666666666666667
7418,9017,0.666666666666667
7504,8706,0.5
7507,8468,0.666666666666667
7507,8455,0.666666666666667
7507,8476,0.666666666666667
7507,9307,0.666666666666667
7507,9611,0.666666666666667
7507,8707,0.666666666666667
7607,8424,0.75
7607,5906,0.666666666666667
7609,8418,0.666666666666667
7609,8425,0.666666666666667
7609,9026,0.75
7609,8483,0.7
7609,8708,0.75
7609,9023,0.666666666666667
7610,8483,0.666666666666667
7611,8425,0.666666666666667
7612,7616,0.727272727272727
7612,8416,0.727272727272727
7612,8310,0.727272727272727
7612,8309,0.636363636363636
7612,8002,0.545454545454545
7616,8416,0.727272727272727
7616,8483,0.727272727272727
7616,8514,0.727272727272727
7616,9702,0.727272727272727
7801,7901,0.6875
7901,8105,0.625
7902,8416,0.6
7903,7904,0.625
8528,8102,0.666666666666667
8528,8518,0.714285714285714
8528,8522,0.833333333333333
8528,7223,0.666666666666667
8528,9010,0.666666666666667
8528,8423,0.666666666666667
8528,7907,0.5
8003,9101,0.333333333333333
8101,8519,0.625
8101,8311,0.545454545454545
8201,8211,0.5625
8202,8505,0.541666666666667
8205,8516,0.6
8207,8467,0.7
8207,8481,0.727272727272727
8207,8482,0.7
8207,8483,0.8
8207,8514,0.7
8207,8501,0.727272727272727
8207,8533,0.727272727272727
8209,8441,0.666666666666667
8209,8443,0.666666666666667
8209,8466,0.714285714285714
8209,8208,0.666666666666667
8209,9029,0.666666666666667
8210,8469,0.7
8210,9205,0.7
8210,8501,0.727272727272727
9402,8302,0.666666666666667
9402,8213,0.6
8215,8518,0.666666666666667
8215,8519,0.666666666666667
8302,8434,0.666666666666667
8302,8443,0.666666666666667
8302,9010,0.666666666666667
8302,8603,0.666666666666667
8302,9207,0.833333333333333
8302,8530,0.666666666666667
8302,8465,0.666666666666667
8302,8470,0.666666666666667
8304,8439,0.7
8304,8516,0.7
8305,8441,0.666666666666667
8305,9011,0.666666666666667
8308,8445,0.75
8308,8539,0.666666666666667
8405,8422,0.75
8405,9026,0.75
8406,8434,0.666666666666667
8406,8443,0.666666666666667
8406,8467,0.714285714285714
8406,8471,0.666666666666667
8407,8533,0.615384615384615
8410,8482,0.777777777777778
8410,9612,0.75
8410,9017,0.666666666666667
8411,8803,0.666666666666667
8412,8416,0.727272727272727
8412,8514,0.727272727272727
8412,8438,0.727272727272727
8413,8425,0.666666666666667
8415,9026,0.555555555555556
8415,9305,0.555555555555556
8416,8483,0.7
8416,8514,0.7
8416,7415,0.7
8416,8401,0.7
8416,8438,0.8
8416,8310,0.7
8416,9702,0.7
8418,8425,0.666666666666667
8418,9023,0.666666666666667
8418,8470,0.666666666666667
8420,9021,0.666666666666667
8422,8483,0.7
8422,8514,0.666666666666667
8422,8465,0.75
8424,5906,0.666666666666667
8425,9026,0.777777777777778
8425,8483,0.7
8425,8514,0.666666666666667
8425,8438,0.7
8425,7325,0.666666666666667
8425,9027,0.666666666666667
8432,8474,0.625
8434,8471,0.666666666666667
8434,8433,0.666666666666667
8434,8465,0.666666666666667
8434,9301,0.666666666666667
8436,8518,0.571428571428571
8436,8543,0.571428571428571
8437,9403,0.6
8439,8482,0.7
8439,8516,0.7
8440,8456,0.636363636363636
8441,8443,0.833333333333333
8441,8442,0.714285714285714
8441,9025,0.666666666666667
8441,8470,0.666666666666667
8441,9024,0.666666666666667
8441,5807,0.666666666666667
8443,8466,0.714285714285714
8443,8442,0.714285714285714
8443,9025,0.666666666666667
8443,8465,0.666666666666667
8443,8470,0.833333333333333
8443,9024,0.666666666666667
8444,8445,0.75
8444,8452,0.75
8444,8482,0.666666666666667
8444,9205,0.714285714285714
8444,8442,0.714285714285714
8444,9209,0.875
8445,8452,0.875
8445,8482,0.666666666666667
8445,9205,0.75
8445,2907,0.666666666666667
8445,9209,0.875
8449,8512,0.666666666666667
8449,9004,0.8
8449,8404,0.714285714285714
8452,8482,0.666666666666667
8452,9205,0.75
8452,9209,0.875
8453,9205,0.714285714285714
8454,8546,0.636363636363636
8454,8456,0.636363636363636
8468,8455,0.666666666666667
8468,8476,0.666666666666667
8468,9307,0.666666666666667
8468,9611,0.666666666666667
8468,8713,0.75
8455,8476,0.666666666666667
8455,9307,0.666666666666667
8455,9611,0.666666666666667
8466,8467,0.714285714285714
8466,8482,0.777777777777778
8466,8514,0.666666666666667
8467,8482,0.666666666666667
8467,9029,0.714285714285714
8469,9202,0.7
8471,8805,0.666666666666667
8471,8708,0.714285714285714
8471,8530,0.666666666666667
8472,9027,0.714285714285714
9026,8481,0.727272727272727
9026,8483,0.7
9026,9022,0.75
9026,8401,0.75
9026,8438,0.7
9026,8473,0.75
9026,8533,0.727272727272727
9026,9023,0.666666666666667
8474,8480,0.555555555555556
8476,9307,0.666666666666667
8476,9611,0.666666666666667
8481,8483,0.818181818181818
8481,8501,0.909090909090909
8481,8438,0.727272727272727
8481,8533,0.909090909090909
8481,9023,0.727272727272727
8481,8516,0.727272727272727
8481,9702,0.727272727272727
8481,9018,0.818181818181818
8481,8716,0.571428571428571
8482,8483,0.7
8482,8514,0.666666666666667
8482,8404,0.666666666666667
8482,9612,0.666666666666667
8482,7411,0.666666666666667
8482,8501,0.727272727272727
8482,5907,0.666666666666667
8482,9209,0.777777777777778
8483,8514,0.8
8483,8501,0.818181818181818
8483,8438,0.7
8483,8533,0.818181818181818
8483,8310,0.7
8483,9702,0.7
8484,8548,0.636363636363636
8505,9014,0.588235294117647
8512,9004,0.833333333333333
8512,9003,0.666666666666667
8512,9011,0.666666666666667
8512,7223,0.666666666666667
8512,8404,0.714285714285714
8512,8448,0.666666666666667
8512,8545,0.714285714285714
8512,8603,0.666666666666667
8512,9002,0.666666666666667
8513,9504,0.8
8517,8544,0.5625
8517,8802,0.5625
8518,8522,0.857142857142857
8518,8519,0.75
8518,8905,0.714285714285714
8522,7223,0.666666666666667
8522,9010,0.666666666666667
8527,9013,0.666666666666667
8527,8539,0.666666666666667
8531,9104,0.727272727272727
8544,8607,0.692307692307692
8601,8701,0.666666666666667
9004,7223,0.666666666666667
9004,8404,0.714285714285714
9004,8448,0.666666666666667
9004,8603,0.8
8609,9306,0.5
8705,8716,0.571428571428571
8711,9104,0.636363636363636
8711,8712,0.666666666666667
8714,9404,0.615384615384615
8801,8803,0.666666666666667
9003,9104,0.727272727272727
9003,9013,0.666666666666667
9003,9508,0.666666666666667
9005,9007,0.583333333333333
9006,9011,0.666666666666667
9006,3204,0.666666666666667
9006,9013,0.714285714285714
9006,9111,0.666666666666667
9006,5807,0.666666666666667
9007,9008,0.571428571428571
9011,9013,0.714285714285714
9011,9105,0.666666666666667
9101,9112,0.5
9103,9609,0.615384615384615
9104,9503,0.666666666666667
9108,9109,0.75
9108,8448,0.666666666666667
9108,5502,0.75
9108,9111,0.8
9109,9110,0.8
9109,5502,0.75
9109,9111,0.8
9110,8448,0.666666666666667
9110,9111,0.8
9202,9304,0.7
9205,8442,0.714285714285714
9205,9612,0.75
9205,9209,0.75
9303,9304,0.818181818181818
9403,9404,0.666666666666667
9404,9603,0.615384615384615
9405,9503,0.666666666666667
9504,9608,0.692307692307692
9504,9617,0.6
9506,9507,0.6
6507,8448,0.666666666666667
9618,8401,0.75
8442,9025,0.714285714285714
8442,9209,0.75
8514,7415,0.666666666666667
8514,8438,0.7
8514,8473,0.666666666666667
8514,9702,0.7
7223,8448,0.666666666666667
7223,8507,0.714285714285714
7223,9029,0.666666666666667
7223,8530,0.666666666666667
7223,4304,0.666666666666667
7223,7211,0.666666666666667
8404,8603,0.714285714285714
8404,8708,0.714285714285714
8404,8523,0.714285714285714
8448,8603,0.666666666666667
8448,7415,0.666666666666667
8448,9111,0.666666666666667
9612,8501,0.727272727272727
9612,9209,0.75
2909,5502,0.75
2909,9010,0.666666666666667
2909,9025,0.666666666666667
5502,9025,0.666666666666667
9010,9025,0.666666666666667
9010,8603,0.666666666666667
9010,9207,0.666666666666667
9010,8523,0.714285714285714
9010,8530,0.666666666666667
9025,7104,0.666666666666667
9025,8510,0.666666666666667
9025,8423,0.666666666666667
8501,8533,0.818181818181818
8501,9702,0.727272727272727
8501,9018,0.727272727272727
8603,9207,0.8
8603,8530,0.666666666666667
9607,7415,0.7
9307,9611,0.666666666666667
5907,9209,0.666666666666667
5907,8523,0.666666666666667
7415,8401,0.666666666666667
7415,8473,0.666666666666667
7415,5404,0.666666666666667
7415,5401,0.666666666666667
7415,5906,0.666666666666667
8401,8438,0.7
8401,8473,0.75
8401,9023,0.666666666666667
8438,8473,0.7
8438,8533,0.727272727272727
8438,9023,0.7
8438,9702,0.7
8473,9023,0.666666666666667
8533,9702,0.727272727272727
8533,9018,0.727272727272727
8703,8708,0.666666666666667
8547,8516,0.7
9201,9503,0.666666666666667
7007,5404,0.714285714285714
8208,9029,0.666666666666667
8423,8465,0.666666666666667
7325,9702,0.7
9013,5807,0.714285714285714
9111,5807,0.666666666666667
8465,8470,0.666666666666667
